bubble_id,bubble_name,description
0,Bubble 0,This is bubble 0
1,Bubble 1,This is bubble 1
2,Bubble 2,This is bubble 2
3,Bubble 3,This is bubble 3
4,Bubble 4,This is bubble 4
5,Bubble 5,This is bubble 5
6,Bubble 6,This is bubble 6
7,Bubble 7,This is bubble 7
8,Bubble 8,This is bubble 8
9,Bubble 9,This is bubble 9
10,Bubble 10,This is bubble 10
11,Bubble 11,This is bubble 11
12,Bubble 12,This is bubble 12
13,Bubble 13,This is bubble 13
14,Bubble 14,This is bubble 14
15,Bubble 15,This is bubble 15
16,Bubble 16,This is bubble 16
17,Bubble 17,This is bubble 17
18,Bubble 18,This is bubble 18
19,Bubble 19,This is bubble 19
20,Bubble 20,This is bubble 20
21,Bubble 21,This is bubble 21
22,Bubble 22,This is bubble 22
23,Bubble 23,This is bubble 23
24,Bubble 24,This is bubble 24
25,Bubble 25,This is bubble 25
26,Bubble 26,This is bubble 26
27,Bubble 27,This is bubble 27
28,Bubble 28,This is bubble 28
29,Bubble 29,This is bubble 29
30,Bubble 30,This is bubble 30
31,Bubble 31,This is bubble 31
32,Bubble 32,This is bubble 32
33,Bubble 33,This is bubble 33
34,Bubble 34,This is bubble 34
35,Bubble 35,This is bubble 35
36,Bubble 36,This is bubble 36
37,Bubble 37,This is bubble 37
38,Bubble 38,This is bubble 38
39,Bubble 39,This is bubble 39
40,Bubble 40,This is bubble 40
41,Bubble 41,This is bubble 41
42,Bubble 42,This is bubble 42
43,Bubble 43,This is bubble 43
44,Bubble 44,This is bubble 44
45,Bubble 45,This is bubble 45
46,Bubble 46,This is bubble 46
47,Bubble 47,This is bubble 47
48,Bubble 48,This is bubble 48
49,Bubble 49,This is bubble 49
50,Bubble 50,This is bubble 50
51,Bubble 51,This is bubble 51
52,Bubble 52,This is bubble 52
53,Bubble 53,This is bubble 53
54,Bubble 54,This is bubble 54
55,Bubble 55,This is bubble 55
56,Bubble 56,This is bubble 56
57,Bubble 57,This is bubble 57
58,Bubble 58,This is bubble 58
59,Bubble 59,This is bubble 59
60,Bubble 60,This is bubble 60
61,Bubble 61,This is bubble 61
62,Bubble 62,This is bubble 62
63,Bubble 63,This is bubble 63
64,Bubble 64,This is bubble 64
65,Bubble 65,This is bubble 65
66,Bubble 66,This is bubble 66
67,Bubble 67,This is bubble 67
68,Bubble 68,This is bubble 68
69,Bubble 69,This is bubble 69
70,Bubble 70,This is bubble 70
71,Bubble 71,This is bubble 71
72,Bubble 72,This is bubble 72
73,Bubble 73,This is bubble 73
74,Bubble 74,This is bubble 74
75,Bubble 75,This is bubble 75
76,Bubble 76,This is bubble 76
77,Bubble 77,This is bubble 77
78,Bubble 78,This is bubble 78
79,Bubble 79,This is bubble 79
80,Bubble 80,This is bubble 80
81,Bubble 81,This is bubble 81
82,Bubble 82,This is bubble 82
83,Bubble 83,This is bubble 83
84,Bubble 84,This is bubble 84
85,Bubble 85,This is bubble 85
86,Bubble 86,This is bubble 86
87,Bubble 87,This is bubble 87
88,Bubble 88,This is bubble 88
89,Bubble 89,This is bubble 89
90,Bubble 90,This is bubble 90
91,Bubble 91,This is bubble 91
92,Bubble 92,This is bubble 92
93,Bubble 93,This is bubble 93
94,Bubble 94,This is bubble 94
95,Bubble 95,This is bubble 95
96,Bubble 96,This is bubble 96
97,Bubble 97,This is bubble 97
98,Bubble 98,This is bubble 98
99,Bubble 99,This is bubble 99
100,Bubble 100,This is bubble 100
101,Bubble 101,This is bubble 101
102,Bubble 102,This is bubble 102
103,Bubble 103,This is bubble 103
104,Bubble 104,This is bubble 104
105,Bubble 105,This is bubble 105
106,Bubble 106,This is bubble 106
107,Bubble 107,This is bubble 107
108,Bubble 108,This is bubble 108
109,Bubble 109,This is bubble 109
110,Bubble 110,This is bubble 110
111,Bubble 111,This is bubble 111
112,Bubble 112,This is bubble 112
113,Bubble 113,This is bubble 113
114,Bubble 114,This is bubble 114
115,Bubble 115,This is bubble 115
116,Bubble 116,This is bubble 116
117,Bubble 117,This is bubble 117
118,Bubble 118,This is bubble 118
119,Bubble 119,This is bubble 119
120,Bubble 120,This is bubble 120
121,Bubble 121,This is bubble 121
122,Bubble 122,This is bubble 122
123,Bubble 123,This is bubble 123
124,Bubble 124,This is bubble 124
125,Bubble 125,This is bubble 125
126,Bubble 126,This is bubble 126
127,Bubble 127,This is bubble 127
128,Bubble 128,This is bubble 128
129,Bubble 129,This is bubble 129
130,Bubble 130,This is bubble 130
131,Bubble 131,This is bubble 131
132,Bubble 132,This is bubble 132
133,Bubble 133,This is bubble 133
134,Bubble 134,This is bubble 134
135,Bubble 135,This is bubble 135
136,Bubble 136,This is bubble 136
137,Bubble 137,This is bubble 137
138,Bubble 138,This is bubble 138
139,Bubble 139,This is bubble 139
140,Bubble 140,This is bubble 140
141,Bubble 141,This is bubble 141
142,Bubble 142,This is bubble 142
143,Bubble 143,This is bubble 143
144,Bubble 144,This is bubble 144
145,Bubble 145,This is bubble 145
146,Bubble 146,This is bubble 146
147,Bubble 147,This is bubble 147
148,Bubble 148,This is bubble 148
149,Bubble 149,This is bubble 149
150,Bubble 150,This is bubble 150
151,Bubble 151,This is bubble 151
152,Bubble 152,This is bubble 152
153,Bubble 153,This is bubble 153
154,Bubble 154,This is bubble 154
155,Bubble 155,This is bubble 155
156,Bubble 156,This is bubble 156
157,Bubble 157,This is bubble 157
158,Bubble 158,This is bubble 158
159,Bubble 159,This is bubble 159
160,Bubble 160,This is bubble 160
161,Bubble 161,This is bubble 161
162,Bubble 162,This is bubble 162
163,Bubble 163,This is bubble 163
164,Bubble 164,This is bubble 164
165,Bubble 165,This is bubble 165
166,Bubble 166,This is bubble 166
167,Bubble 167,This is bubble 167
168,Bubble 168,This is bubble 168
169,Bubble 169,This is bubble 169
170,Bubble 170,This is bubble 170
171,Bubble 171,This is bubble 171
172,Bubble 172,This is bubble 172
173,Bubble 173,This is bubble 173
174,Bubble 174,This is bubble 174
175,Bubble 175,This is bubble 175
176,Bubble 176,This is bubble 176
177,Bubble 177,This is bubble 177
178,Bubble 178,This is bubble 178
179,Bubble 179,This is bubble 179
180,Bubble 180,This is bubble 180
181,Bubble 181,This is bubble 181
182,Bubble 182,This is bubble 182
183,Bubble 183,This is bubble 183
184,Bubble 184,This is bubble 184
185,Bubble 185,This is bubble 185
186,Bubble 186,This is bubble 186
187,Bubble 187,This is bubble 187
188,Bubble 188,This is bubble 188
189,Bubble 189,This is bubble 189
190,Bubble 190,This is bubble 190
191,Bubble 191,This is bubble 191
192,Bubble 192,This is bubble 192
193,Bubble 193,This is bubble 193
194,Bubble 194,This is bubble 194
195,Bubble 195,This is bubble 195
196,Bubble 196,This is bubble 196
197,Bubble 197,This is bubble 197
198,Bubble 198,This is bubble 198
199,Bubble 199,This is bubble 199
200,Bubble 200,This is bubble 200
201,Bubble 201,This is bubble 201
202,Bubble 202,This is bubble 202
203,Bubble 203,This is bubble 203
204,Bubble 204,This is bubble 204
205,Bubble 205,This is bubble 205
206,Bubble 206,This is bubble 206
207,Bubble 207,This is bubble 207
208,Bubble 208,This is bubble 208
209,Bubble 209,This is bubble 209
210,Bubble 210,This is bubble 210
211,Bubble 211,This is bubble 211
212,Bubble 212,This is bubble 212
213,Bubble 213,This is bubble 213
214,Bubble 214,This is bubble 214
215,Bubble 215,This is bubble 215
216,Bubble 216,This is bubble 216
217,Bubble 217,This is bubble 217
218,Bubble 218,This is bubble 218
219,Bubble 219,This is bubble 219
220,Bubble 220,This is bubble 220
221,Bubble 221,This is bubble 221
222,Bubble 222,This is bubble 222
223,Bubble 223,This is bubble 223
224,Bubble 224,This is bubble 224
225,Bubble 225,This is bubble 225
226,Bubble 226,This is bubble 226
227,Bubble 227,This is bubble 227
228,Bubble 228,This is bubble 228
229,Bubble 229,This is bubble 229
230,Bubble 230,This is bubble 230
231,Bubble 231,This is bubble 231
232,Bubble 232,This is bubble 232
233,Bubble 233,This is bubble 233
234,Bubble 234,This is bubble 234
235,Bubble 235,This is bubble 235
236,Bubble 236,This is bubble 236
237,Bubble 237,This is bubble 237
238,Bubble 238,This is bubble 238
239,Bubble 239,This is bubble 239
240,Bubble 240,This is bubble 240
241,Bubble 241,This is bubble 241
242,Bubble 242,This is bubble 242
243,Bubble 243,This is bubble 243
244,Bubble 244,This is bubble 244
245,Bubble 245,This is bubble 245
246,Bubble 246,This is bubble 246
247,Bubble 247,This is bubble 247
248,Bubble 248,This is bubble 248
249,Bubble 249,This is bubble 249
