user_id,bubble_id
JosephPatterson,39
JosephPatterson,24
JosephPatterson,3
EricCrutchfield,142
EricCrutchfield,26
MarioGause,42
MarioGause,90
MarioGause,216
MarioGause,21
MarioGause,27
LouiseLeno,218
LouiseLeno,102
LouiseLeno,127
LouiseLeno,26
LouiseLeno,169
AlidaSmith,70
AlidaSmith,148
AlidaSmith,186
AlidaSmith,219
ErwinTipton,154
DavidReynolds,227
DavidReynolds,107
DavidReynolds,176
DeborahCruz,236
DeborahCruz,208
RobertWeekley,72
RobertWeekley,247
RobertWeekley,128
ElizabethWatson,220
ElizabethWatson,117
ElizabethWatson,139
ElizabethWatson,20
KathyBarraza,212
JocelynTalerico,194
JocelynTalerico,118
JocelynTalerico,67
JocelynTalerico,91
JocelynTalerico,23
MabelBrueckman,123
MabelBrueckman,24
MabelBrueckman,182
MabelBrueckman,29
AnnaMayer,29
AnnaMayer,140
AnnaMayer,215
AnnaMayer,128
AnnaMayer,23
DamienLucas,215
DamienLucas,163
DamienLucas,167
DamienLucas,206
DamienLucas,142
ConnieAlcantara,61
ConnieAlcantara,221
ReginaMundy,147
ReginaMundy,89
KevinMartin,27
KevinMartin,107
DarlaRowland,204
DarlaRowland,44
DarlaRowland,174
DarlaRowland,5
SandraShuford,163
SandraShuford,35
SandraShuford,159
SandraShuford,172
SandraShuford,182
BarbaraBostian,162
BarbaraBostian,234
MarthaTorres,196
MarthaTorres,240
MildredGulke,209
MildredGulke,235
MildredGulke,95
MildredGulke,141
MildredGulke,150
KatieBailey,4
KatieBailey,10
KatieBailey,196
KatieBailey,249
KatieBailey,229
GladysMotley,128
StanleyMead,51
StanleyMead,195
StanleyMead,21
StanleyMead,217
StanleyMead,73
MarieFrank,18
MarieFrank,172
MarieFrank,131
MarieFrank,122
MarieFrank,234
JoseChurch,15
JoseChurch,20
JoseChurch,161
MariaCarpenter,47
MariaCarpenter,79
DelbertBullman,27
DelbertBullman,234
JamesWorthy,167
JamesWorthy,42
HelenWynn,38
HelenWynn,183
HelenWynn,160
HelenWynn,28
HelenWynn,202
LavondaGreenwood,128
LavondaGreenwood,185
RobertShaffer,199
RobertShaffer,57
JohnMurray,248
JohnMurray,239
TimothyHumphreys,144
TimothyHumphreys,86
TimothyHumphreys,108
TimothyHumphreys,39
TimothyHumphreys,46
LindseyCalzada,129
LindseyCalzada,184
LindseyCalzada,204
GeorgeWu,150
GeorgeWu,180
GeorgeWu,138
GeorgeWu,225
GeorgeWu,188
BlancaRiley,234
BillieNash,224
BillieNash,136
DanielIsaacs,25
DanielIsaacs,193
DanielIsaacs,148
DanielIsaacs,14
MarjorieMiltner,120
MatthewLotzer,42
MatthewLotzer,216
MatthewLotzer,141
BrucePorch,205
ConnieWright,24
ConnieWright,61
ConnieWright,181
DoyleMiller,3
DoyleMiller,198
DoyleMiller,64
GeorgeSpicher,51
GeorgeSpicher,190
EdwardHanlon,94
EdwardHanlon,231
EdwardHanlon,141
EdwardHanlon,243
EdwardHanlon,99
DorothyHenderson,62
DorothyHenderson,14
DorothyHenderson,140
KarenCaldwell,113
KarenCaldwell,48
KarenCaldwell,139
KarenCaldwell,20
ChristopherBaker,45
ChristopherBaker,53
ChristopherBaker,131
JamesCleary,31
JamesCleary,32
EloiseTaylor,12
EloiseTaylor,234
EloiseTaylor,125
EloiseTaylor,206
EloiseTaylor,42
RaymondMunoz,116
RaymondMunoz,86
RaymondMunoz,80
BarbaraMcalister,57
BarbaraMcalister,160
BarbaraMcalister,125
CynthiaRoth,195
CynthiaRoth,240
CynthiaRoth,241
CynthiaRoth,128
CynthiaRoth,23
EasterCaminero,26
EasterCaminero,87
EasterCaminero,119
EasterCaminero,111
BarbaraPecanty,63
BarbaraPecanty,10
BarbaraPecanty,204
BarbaraPecanty,25
LoriWilliams,245
LoriWilliams,184
LoriWilliams,93
LoriWilliams,24
LoriWilliams,174
MoisesSullins,75
MoisesSullins,144
EzraBrady,15
EzraBrady,114
EzraBrady,84
EzraBrady,106
EzraBrady,135
RichardWallace,93
RalphRosales,48
RalphRosales,19
RalphRosales,235
DeniseGreen,218
DeniseGreen,98
DeniseGreen,149
JeromeMecca,197
JeromeMecca,239
JeromeMecca,184
AmyJewell,208
AmyJewell,65
AmyJewell,91
JesseBabecki,80
JesseBabecki,125
JesseBabecki,68
JesseBabecki,129
GeorgeGambrell,25
GeorgeGambrell,31
GeorgeGambrell,195
GeorgeGambrell,204
AnaLarue,23
AnaLarue,50
AnaLarue,195
AnaLarue,233
DonaldFisk,28
DonaldFisk,243
GaryHoffman,161
GaryHoffman,231
JeffCamargo,177
JeffCamargo,153
JeffCamargo,92
JeffCamargo,57
RalphRoy,139
RalphRoy,78
MerylDawson,78
MerylDawson,151
MerylDawson,83
MerylDawson,118
MerylDawson,70
DarlaSilbaugh,148
DarlaSilbaugh,176
DarlaSilbaugh,194
DarlaSilbaugh,120
DarlaSilbaugh,168
PaulRowles,116
PaulRowles,44
PaulRowles,247
PaulRowles,6
PaulRowles,52
HelenDavis,150
HelenDavis,176
HelenDavis,82
HelenDavis,30
MargaretHarrison,71
MargaretHarrison,240
MargaretHarrison,13
EarlBoyle,240
EarlBoyle,44
EarlBoyle,222
EarlBoyle,169
JeremyNemeth,47
JeremyNemeth,67
JeremyNemeth,5
JeremyNemeth,141
GinaMccoy,221
GinaMccoy,241
GinaMccoy,16
GinaMccoy,236
GinaMccoy,212
WilliamMarcus,134
WilliamMarcus,176
WilliamMarcus,152
WilliamMarcus,153
EstherVecker,215
EstherVecker,247
BarbaraJordon,68
BarbaraJordon,180
BarbaraJordon,107
BarbaraJordon,71
BarbaraJordon,189
ZacharyCraycraft,166
RodneyTrotman,41
RodneyTrotman,216
RodneyTrotman,118
StellaGrant,141
EileenOlsen,82
DebraBabcock,165
DebraBabcock,123
DebraBabcock,214
DebraBabcock,212
BeverlyTutas,72
BeverlyTutas,1
BeverlyTutas,190
BeverlyTutas,33
BeverlyTutas,155
EstelaMadigan,108
EstelaMadigan,191
SusieJohnson,228
SusieJohnson,81
SusieJohnson,132
SusieJohnson,32
SusieJohnson,0
JorgeWoytowich,164
JorgeWoytowich,7
JosephHernandez,15
PaulinePatterson,208
PaulinePatterson,44
StacyDibble,85
StacyDibble,177
StacyDibble,100
StacyDibble,98
StacyDibble,197
MarxJones,69
RuthBussell,174
RuthBussell,114
RuthBussell,159
RuthBussell,193
AliceBienenstock,114
AliceBienenstock,147
JeannetteCameron,8
JeannetteCameron,54
JeannetteCameron,153
MichaelHayes,121
MichaelHayes,5
MichaelHayes,169
MichaelHayes,224
DavidGreer,229
DavidGreer,191
DavidGreer,118
JeffreyMartinez,151
JeffreyMartinez,233
JeffreyMartinez,4
JeffreyMartinez,7
StevenBell,131
MichelleHowe,197
MichelleHowe,236
NickCole,19
NickCole,80
NickCole,51
NickCole,210
NickCole,223
HildaLuebke,90
MarieLozano,34
MarieLozano,230
DanielBaker,249
DanielBaker,125
DanielBaker,123
DanielBaker,193
MargaretWarner,231
MargaretWarner,216
MargaretWarner,143
MargaretWarner,38
MargaretWarner,223
BrendaLawson,28
BrendaLawson,145
BrendaLawson,181
AlexanderCasano,224
AlexanderCasano,162
AlexanderCasano,68
AlexanderCasano,128
AlexanderCasano,192
SanfordJohnson,34
SanfordJohnson,26
SanfordJohnson,117
SanfordJohnson,53
ConnieHunter,11
ConnieHunter,110
ConnieHunter,166
ConnieHunter,58
ConnieHunter,3
CoraWidera,66
CoraWidera,36
KerryFinley,120
KerryFinley,32
BrendaGriffin,38
FayWilliams,154
DickHurst,99
DickHurst,86
DickHurst,8
DorothyHewins,93
DorothyHewins,160
DorothyHewins,224
AnnHiggins,226
AnnHiggins,155
AnnHiggins,107
AnnHiggins,197
CameronBrooks,153
CameronBrooks,212
CameronBrooks,202
CameronBrooks,109
ManuelLedon,199
ManuelLedon,76
ManuelLedon,218
CharlesFelix,9
CharlesFelix,22
CharlesFelix,184
CharlesFelix,248
ChanelHornyak,57
ChanelHornyak,126
ChanelHornyak,171
FrancesOleary,172
FrancesOleary,38
FrancesOleary,32
FrancesOleary,142
HowardCopland,187
HowardCopland,45
ZoeWest,70
ZoeWest,86
ZoeWest,130
BrianRice,113
BrianRice,5
BrianRice,93
VeraPearson,153
VeraPearson,96
VeraPearson,195
GildaHastings,64
GildaHastings,226
TimothyKozak,4
TimothyKozak,212
TimothyKozak,159
TimothyKozak,117
IrmaChu,9
IrmaChu,12
IrmaChu,35
ElizaKyung,28
ElizaKyung,181
AlejandraHobbs,122
AlejandraHobbs,207
AlejandraHobbs,70
AlejandraHobbs,71
AlejandraHobbs,108
MoiraCoke,84
MoiraCoke,242
MoiraCoke,168
MoiraCoke,42
MoiraCoke,224
RichardAshby,231
RichardAshby,32
RichardAshby,36
RichardAshby,27
NancyBinford,216
NancyBinford,71
NancyBinford,92
PaulJudkins,110
CharlesWelch,19
CharlesWelch,183
LouisWilliams,247
LouisWilliams,121
LouisWilliams,149
LouisWilliams,184
LouisWilliams,7
WillieCarpenter,24
RonaldGassoway,61
RonaldGassoway,77
RonaldGassoway,34
RonaldGassoway,15
RonaldGassoway,88
TonyClark,76
TonyClark,63
TonyClark,86
TonyClark,146
MargaretFrost,113
MargaretFrost,71
MargaretFrost,27
MargaretFrost,172
MargaretFrost,13
HienDolan,38
HienDolan,204
JenniferBradley,226
JenniferBradley,35
JenniferBradley,55
JenniferBradley,173
BillConley,74
BrianSliwa,132
BrianSliwa,242
BrianSliwa,199
BrianSliwa,26
BrianSliwa,36
WandaPearson,16
WandaPearson,48
WandaPearson,233
WandaPearson,211
SantanaBingler,91
SantanaBingler,106
SantanaBingler,141
MatthewNorrington,118
TeresitaBroughton,170
TeresitaBroughton,7
DanaTaylor,63
DanaTaylor,114
DanaTaylor,138
DanaTaylor,247
JuliaWallace,64
JuliaWallace,171
JuliaWallace,5
JuliaWallace,174
MarieHenderson,225
MarieHenderson,111
MarieHenderson,64
SarahHaight,241
SarahHaight,12
SharonLofaro,206
SharonLofaro,51
JanetHutton,85
JanetHutton,163
JanetHutton,207
SondraBrown,38
SondraBrown,225
SondraBrown,35
BillDykstra,206
BillDykstra,110
BillDykstra,26
RaymondSomerville,62
RaymondSomerville,35
RaymondSomerville,174
RaymondSomerville,204
RaymondSomerville,239
BetsyRoberts,201
FrankieSharp,33
FrankieSharp,94
FrankieSharp,81
NancyLehman,109
NancyLehman,239
CharlesKang,130
CharlesKang,81
CharlesKang,87
CharlesKang,9
CharlesKang,225
LamontPage,128
LamontPage,113
LamontPage,73
LamontPage,108
RichardHoekstra,26
RichardHoekstra,16
RichardHoekstra,203
RichardHoekstra,143
RichardHoekstra,127
JudyHernandez,201
JudyHernandez,221
JudyHernandez,163
MarciaWalker,204
MarciaWalker,148
MarciaWalker,186
MarciaWalker,54
MarciaWalker,231
GloriaArevalo,72
GloriaArevalo,149
GloriaArevalo,34
NataliaSchlagel,14
NancyJones,208
NancyJones,226
NancyJones,125
NancyJones,193
NancyJones,98
DavidChesson,45
DavidChesson,157
BaileyHine,246
BaileyHine,214
BaileyHine,63
BaileyHine,70
RonaldCondon,35
JamesFreedman,181
JamesFreedman,231
JamesFreedman,42
JamesFreedman,35
RichardWilson,30
RichardWilson,155
RichardWilson,22
RichardWilson,65
RichardWilson,121
SusanEngelhardt,121
SusanEngelhardt,88
SusanEngelhardt,129
SusanEngelhardt,182
SheriTacadina,218
SheriTacadina,176
SheriTacadina,42
JohnTwitchell,105
JohnTwitchell,64
JohnTwitchell,79
JohnTwitchell,83
ChristopherGiunta,78
ChristopherGiunta,0
ChristopherGiunta,121
ChristopherGiunta,101
AuroraPedley,144
AuroraPedley,32
AuroraPedley,196
AuroraPedley,165
AuroraPedley,236
CharlesHartsock,224
CharlesHartsock,65
CharlesHartsock,2
DavidKing,34
DavidKing,40
DavidKing,155
NelsonRobinson,138
NelsonRobinson,95
NelsonRobinson,209
DouglasEngebretson,80
DouglasEngebretson,213
DouglasEngebretson,216
DouglasEngebretson,16
DouglasEngebretson,6
LuzSchulz,91
LuzSchulz,21
LuzSchulz,86
JeanOrtiz,65
JeanOrtiz,115
JeanOrtiz,75
MarcusHarrington,26
CharlesVogus,14
CharlesVogus,129
CharlesVogus,67
CharlesVogus,181
CharlesVogus,166
MarthaPeoples,110
LenaRitter,153
JeffAustin,56
JeffAustin,190
ShamekaSchult,204
ShamekaSchult,187
ShamekaSchult,241
StanleyTeets,120
StanleyTeets,222
StanleyTeets,60
StanleyTeets,192
AnthonyBenny,127
AnthonyBenny,86
JuanSimila,208
GladysBellendir,44
GladysBellendir,9
GladysBellendir,155
JamesBarber,59
JamesBarber,240
JamesBarber,242
SeeLemon,24
SeeLemon,231
ElsieVandyke,127
RichardAcevedo,125
RichardAcevedo,59
CarlosJohns,130
CarlosJohns,71
CarlosJohns,206
CarlosJohns,106
CarlosJohns,180
AngelaWatkins,244
AngelaWatkins,228
LuanneAnderson,118
LuanneAnderson,231
LuanneAnderson,230
TraceeGonzalez,9
TraceeGonzalez,225
TraceeGonzalez,226
TraceeGonzalez,180
DeboraTardif,99
DeboraTardif,237
DeboraTardif,174
JoeJorgensen,213
JoeJorgensen,149
JoeJorgensen,150
JoeJorgensen,138
ArmandWinchell,246
MarkWhalen,10
MarkWhalen,201
MarkWhalen,71
MarkWhalen,190
MarkWhalen,159
RuthHansen,63
RuthHansen,107
RuthHansen,128
RuthHansen,118
LaurieCaldwell,61
LaurieCaldwell,47
LaurieCaldwell,131
KellyHarden,130
KellyHarden,204
KellyHarden,48
PearlFredericks,175
PearlFredericks,115
PearlFredericks,33
PearlFredericks,169
PearlFredericks,129
MarkBumgarner,95
MarkBumgarner,36
MarkBumgarner,207
SocorroBaker,231
SocorroBaker,225
SocorroBaker,140
JessicaOwens,83
JessicaOwens,11
AnthonyCox,227
AnthonyCox,115
AnthonyCox,242
MaryannWerner,241
MaryannWerner,66
MaryannWerner,53
DavidCarrasco,166
DavidCarrasco,145
CathyJohnson,162
CathyJohnson,69
CathyJohnson,143
CathyJohnson,167
CathyJohnson,236
RandyStembridge,174
RandyStembridge,200
RandyStembridge,77
RandyStembridge,60
RandyStembridge,88
DennisSpalding,93
DennisSpalding,125
DennisSpalding,196
DennisSpalding,168
DennisSpalding,205
JosephSims,175
JosephSims,143
KennethTarango,134
EugenieGibson,30
EugenieGibson,247
DarleneJeske,215
DarleneJeske,220
DarleneJeske,13
DarleneJeske,235
DarleneJeske,161
RaeannEscalante,119
RaeannEscalante,109
CaseyHalford,84
CaseyHalford,27
AnnieFabrizio,129
AnnieFabrizio,221
AnnieFabrizio,135
AnnieFabrizio,214
AnnieFabrizio,96
AnthonyPetry,165
CatherineGailes,197
CatherineGailes,225
CatherineGailes,128
TerryMaus,221
TerryMaus,236
JessicaAlvarado,47
JessicaAlvarado,23
RichardWhisenand,178
GregoryNewton,142
GregoryNewton,91
GregoryNewton,240
MarkLuzar,228
MarkLuzar,169
MarkLuzar,88
MarkLuzar,19
MarkLuzar,68
CourtneyWelch,132
CourtneyWelch,48
PaulaRye,177
ErnestBlake,245
ErnestBlake,69
ErnestBlake,193
ErnestBlake,71
JeffreyMatthews,208
JeffreyMatthews,89
MatthewDoggett,127
MatthewDoggett,117
MatthewDoggett,199
HildaRichardson,19
CharlieStiltner,35
EltonHanna,114
EltonHanna,43
EltonHanna,223
EltonHanna,201
EltonHanna,229
AlisonClark,61
AlisonClark,21
InaSamuels,219
InaSamuels,47
InaSamuels,71
LoydWright,133
LoydWright,194
LoydWright,68
LoydWright,18
LoydWright,238
JettieBuck,127
JettieBuck,11
JettieBuck,109
JettieBuck,100
JettieBuck,15
EleanorPeters,157
EleanorPeters,146
EleanorPeters,249
ErnestLucero,78
ErnestLucero,173
ErnestLucero,190
JohnSuggs,28
JohnSuggs,71
DavidMelendez,231
ConnieRodriguez,141
ConnieRodriguez,12
ConnieRodriguez,73
ConnieRodriguez,28
CoyHatton,101
CoyHatton,11
CoyHatton,147
CoyHatton,132
JoanJohnson,190
JoanJohnson,225
JoanJohnson,239
MabelVo,141
AnthonyHerrmann,52
AnthonyHerrmann,66
AnthonyHerrmann,108
AnthonyHerrmann,72
ViolaBlack,214
ViolaBlack,195
MichaelHang,60
MichaelHang,245
MichaelHang,242
MichaelHang,112
MarleneGutierrez,158
MarleneGutierrez,149
MarleneGutierrez,39
DaveWilliams,96
DaveWilliams,164
DaveWilliams,149
DaveWilliams,72
DaveWilliams,183
WillieFahy,226
WillieFahy,118
WillieFahy,95
WillieFahy,77
WillieFahy,29
SuzanneAnderson,56
SuzanneAnderson,235
SuzanneAnderson,123
SuzanneAnderson,12
SuzanneAnderson,48
GeraldChin,245
GeraldChin,19
GeraldChin,216
GeraldChin,212
DorothyJeffers,147
DorothyJeffers,5
DorothyJeffers,153
DorothyJeffers,90
AnnWilson,161
JohnStatler,81
JohnStatler,160
JohnStatler,76
JohnStatler,230
SusanMiga,9
SusanMiga,61
MaryVillalva,111
KelliLasater,232
PamelaBradley,155
PamelaBradley,184
PamelaBradley,222
PamelaBradley,35
PamelaBradley,111
BruceMansour,80
BruceMansour,185
BruceMansour,58
BruceMansour,62
BruceMansour,149
RussellMatthews,249
RussellMatthews,86
EricSinstack,83
EricSinstack,152
EricSinstack,221
EricSinstack,138
SheilaGaston,194
SheilaGaston,24
SheilaGaston,4
SheilaGaston,128
SheilaGaston,244
VirginiaTruong,137
VirginiaTruong,92
VirginiaTruong,237
JeremyFetter,184
JeremyFetter,74
FloydBoyd,110
FloydBoyd,0
FloydBoyd,82
FloydBoyd,31
SusanneCovington,54
SusanneCovington,31
SusanneCovington,238
AngelMoroney,98
StephanieHuber,225
StephanieHuber,186
StephanieHuber,33
DeborahPecoraro,105
KateKnapp,108
KateKnapp,171
KateKnapp,202
KateKnapp,146
TravisSearcy,150
TravisSearcy,10
TravisSearcy,223
DonaldAbell,14
DonaldAbell,92
DonaldAbell,144
DonaldAbell,213
DonaldAbell,182
AnthonyLynch,158
AnthonyLynch,238
TraceyPride,80
TraceyPride,136
KevinDejong,9
KevinDejong,114
KevinDejong,134
KevinDejong,171
LindaMarsh,181
LindaMarsh,52
LindaMarsh,168
LindaMarsh,245
DavidBatdorf,106
DavidBatdorf,18
DonaldLinsky,134
NancyFunches,89
NancyFunches,41
NancyFunches,205
NancyFunches,224
RosieMathey,28
RosieMathey,53
RosieMathey,78
RosieMathey,221
RodneySerasio,146
RodneySerasio,126
RodneySerasio,6
DonaldSmith,208
DonaldSmith,93
TiffanyTrell,43
JamesHoneycutt,184
JamesHoneycutt,85
BrandonMaher,128
BrandonMaher,166
JohnJones,57
JohnJones,10
JohnJones,69
JohnJones,121
JohnJones,151
PrinceKelley,111
PrinceKelley,147
PrinceKelley,179
PrinceKelley,248
JulioMassey,42
JulioMassey,73
JulioMassey,139
JulioMassey,239
JulioMassey,225
PearlWatson,41
PearlWatson,203
MarilynSmith,226
MarilynSmith,115
MarilynSmith,243
MarilynSmith,95
MarilynSmith,112
DanielleBrobst,72
DanielleBrobst,172
DanielleBrobst,109
DanielleBrobst,240
AnnaSmith,202
GeraldineSchultz,34
GeraldineSchultz,224
GeraldineSchultz,221
DonaldBoone,116
RuthPerry,169
RuthPerry,166
GaryParker,243
GaryParker,29
JulioSykes,2
JulioSykes,166
JulioSykes,56
MaryLouis,36
MaryLouis,161
ThomasDillard,41
ThomasDillard,26
ThomasDillard,153
CarmeloVandemark,214
CarmeloVandemark,203
CarrollChung,66
CarrollChung,201
GaryServais,245
GaryServais,78
GaryServais,134
FlorenceBagnoli,88
FlorenceBagnoli,8
MariaChavez,128
MariaChavez,89
MariaChavez,131
MariaChavez,167
MariaChavez,48
MaryShanks,214
RogerJenkins,168
RogerJenkins,26
RogerJenkins,129
DianaFields,234
MatthewAshbaugh,186
SharonStubbs,238
SharonStubbs,84
SharonStubbs,101
SharonStubbs,178
CrystalLobato,45
LaurelChristensen,85
LaurelChristensen,89
LaurelChristensen,165
MarioBirmingham,120
MarioBirmingham,106
MarioBirmingham,121
AnnieGeorge,70
AnnieGeorge,197
AnnieGeorge,33
AnnieGeorge,223
AnnieGeorge,97
NoePearce,193
NoePearce,59
ShirleneDowns,86
ShirleneDowns,248
ElizabethHerod,218
ElizabethHerod,184
ElizabethHerod,162
SusanDiffey,134
SusanDiffey,50
SusanDiffey,43
HarrietWhite,23
HarrietWhite,207
MargMoreno,23
MargMoreno,132
MargMoreno,69
MargMoreno,133
MargMoreno,166
ThomasLove,185
LarryMarshall,142
LarryMarshall,41
DeborahCarpenter,9
EvelynCumming,221
EvelynCumming,81
EvelynCumming,188
EvelynCumming,101
DennisNowak,172
DennisNowak,53
DennisNowak,165
VirginiaShield,49
VirginiaShield,14
VirginiaShield,90
VirginiaShield,242
VirginiaShield,43
GloriaHeinzen,159
GloriaHeinzen,123
AlmaBrown,142
AlmaBrown,196
AlmaBrown,70
TeresaHansford,3
RicardoGarrison,55
RicardoGarrison,146
RicardoGarrison,151
RicardoGarrison,88
GloriaPhillips,36
GloriaPhillips,168
GloriaPhillips,137
GloriaPhillips,136
RachelArcher,111
RachelArcher,96
LeoMessana,122
LeoMessana,112
LeoMessana,153
WilliamBrown,136
WilliamBrown,220
WilliamBrown,52
AustinHinds,147
AustinHinds,170
AustinHinds,104
WinfordTucker,101
WinfordTucker,39
WinfordTucker,194
WinfordTucker,29
LauraLynch,185
LauraLynch,21
ScottyPhillips,33
BarbaraDennis,60
BarbaraDennis,95
BarbaraDennis,34
MarkNieves,183
MarkNieves,138
MarkNieves,124
MarkNieves,243
MarkNieves,118
ThomasPatel,97
ThomasPatel,171
ThomasPatel,187
ThomasPatel,237
ThomasPatel,83
AdolfoOlson,74
AdolfoOlson,142
AdolfoOlson,199
AdolfoOlson,75
AdolfoOlson,183
RonaldReed,182
RonaldReed,65
RonaldReed,189
RonaldReed,104
RonaldReed,77
RebeccaHumphries,233
TaylorChadwell,236
TaylorChadwell,96
ElissaCollier,123
ElissaCollier,216
ElissaCollier,92
ElissaCollier,101
PaulRoberson,111
PaulRoberson,209
ChasityDavis,105
ChasityDavis,16
ChasityDavis,170
ChasityDavis,165
ChasityDavis,77
TeresaNelson,4
TeresaNelson,11
TeresaNelson,127
BradfordWagner,48
BradfordWagner,170
BradfordWagner,138
BradfordWagner,179
MaryCruz,243
MaryCruz,55
MaryCruz,3
MaryCruz,167
TerrenceWilliams,239
TerrenceWilliams,51
TerrenceWilliams,160
TerrenceWilliams,9
TerrenceWilliams,156
MargaretSchultz,65
MargaretSchultz,133
MargaretSchultz,78
MargaretSchultz,49
SandraWebb,64
SandraWebb,57
SandraWebb,68
SandraWebb,24
TravisJackson,32
WandaCaneva,22
WandaCaneva,170
LindaKeogh,101
LindaKeogh,248
MarleneFlorentino,193
MarleneFlorentino,53
MarleneFlorentino,208
JenniferGoldsmith,96
JenniferGoldsmith,0
JenniferGoldsmith,130
JenniferGoldsmith,71
KellyHarris,218
KellyHarris,244
KellyHarris,105
KellyHarris,54
KellyHarris,212
RogerBrown,82
RogerBrown,14
RogerBrown,157
TerryWooley,54
TerryWooley,99
TerryWooley,109
TerryWooley,205
TerryWooley,53
MichaelEvans,240
AndreaRutledge,53
AndreaRutledge,186
AndreaRutledge,157
ArnoldRamos,131
JackBarrett,71
JackBarrett,240
JackBarrett,60
JackBarrett,139
JackBarrett,73
CharlesGratton,62
CharlesGratton,47
CharlesGratton,15
CharlesGratton,248
JustinAusmus,199
JustinAusmus,217
JustinAusmus,176
DavidBarnes,105
DavidBarnes,95
DavidBarnes,22
DavidBarnes,240
DavidBarnes,242
MariaTassone,135
MariaTassone,248
MariaTassone,106
MariaTassone,209
HenriettaGaroutte,33
MichaelValenzuela,164
MichaelValenzuela,159
ThomasWhite,106
ThomasWhite,120
ThomasWhite,88
RichieWoodall,119
EllenJones,167
EllenJones,11
StephenLee,102
JasonPruitt,123
JasonPruitt,2
JasonPruitt,126
JasonPruitt,43
JasonPruitt,116
BettyeBaker,134
BettyeBaker,34
BettyeBaker,92
BettyeBaker,95
WilliamJacques,131
WilliamJacques,242
WilliamJacques,210
WilliamJacques,40
FrancesBuzis,16
CourtneyPatron,192
SherryBryant,107
SherryBryant,229
SherryBryant,104
FrankMeredith,139
FrankMeredith,170
KennethRizzo,100
KennethRizzo,99
JustinRyan,18
JustinRyan,2
SteveEdwards,110
SteveEdwards,48
SteveEdwards,38
SteveEdwards,49
JeremyOdermott,93
JeremyOdermott,189
JeremyOdermott,236
JeromeSandoval,97
JeromeSandoval,110
JeromeSandoval,197
JeromeSandoval,154
JeromeSandoval,117
LarryGilman,134
LarryGilman,157
LarryGilman,248
LarryGilman,205
LarryGilman,246
DeborahAlmeida,230
AnnaPerry,124
GregoryRevering,168
GloriaTaylor,45
DavidVacheresse,81
DavidVacheresse,182
MarlonHansen,228
RobertBerumen,146
JessicaHolman,113
JessicaHolman,83
VedaCunanan,121
VedaCunanan,143
JennaLabrie,203
JennaLabrie,49
JennaLabrie,228
JennaLabrie,64
CharlotteMccroy,225
HarryInman,123
HarryInman,45
HarryInman,51
HarryInman,181
VivianGuel,17
ElizabethCoutee,233
ElizabethCoutee,75
ElizabethCoutee,24
ElizabethCoutee,203
ElizabethCoutee,78
JackBrown,174
JackBrown,170
TomThibeault,33
TomThibeault,75
TomThibeault,198
SamuelRamsey,119
SamuelRamsey,109
SamuelRamsey,158
SamuelRamsey,166
SamuelRamsey,241
LucilaSenteno,43
LucilaSenteno,8
LucilaSenteno,205
LucilaSenteno,64
LucilaSenteno,83
DeniseOtero,146
DeniseOtero,180
DeniseOtero,9
DeniseOtero,186
TuanFrench,31
TuanFrench,152
TuanFrench,63
TuanFrench,101
TuanFrench,166
ChristinaBlake,133
ChristinaBlake,152
KathrynRodriguez,231
KathrynRodriguez,12
RaymondFarris,42
RaymondFarris,53
RaymondFarris,200
JeffreyMorales,194
JeffreyMorales,26
JeffreyMorales,19
JeffreyMorales,196
JeffreyMorales,232
ChristopherMoilanen,215
ErikaBrezenski,196
EllaSchneider,115
EllaSchneider,25
EllaSchneider,32
EllaSchneider,15
EllaSchneider,248
ShirleyFrisbie,199
TravisWilloughby,125
CharlesWard,245
CharlesWard,164
CharlesWard,63
CharlesWard,132
CharlesWard,65
HelenSpaniel,139
HelenSpaniel,245
HelenSpaniel,236
GeraldineBaxley,194
GeraldineBaxley,29
GeraldineBaxley,19
GeraldineBaxley,17
PaulHolcomb,112
MaryGreen,64
SamanthaVowell,23
SamanthaVowell,181
SamanthaVowell,153
SamanthaVowell,144
SamanthaVowell,24
PennyBremer,140
PennyBremer,71
PennyBremer,186
PennyBremer,99
RandallHolyfield,80
RandallHolyfield,130
RandallHolyfield,27
RandallHolyfield,71
RandallHolyfield,34
JuanWykes,106
JuanWykes,68
JuanWykes,15
JuanWykes,162
JohnMaobi,237
JohnMaobi,233
JohnMaobi,243
RuthGlesener,199
RuthGlesener,62
RuthGlesener,168
GordonReed,21
ChristopherGarcia,102
ChristopherGarcia,10
ChristopherGarcia,109
ZacharySchuster,43
JoyRisinger,60
JoyRisinger,213
JoyRisinger,101
FlorenceBall,14
FlorenceBall,101
FlorenceBall,177
FlorenceBall,197
FlorenceBall,27
AdeleMoreno,84
AdeleMoreno,217
MauriceRickert,125
MauriceRickert,126
MauriceRickert,33
MauriceRickert,163
MauriceRickert,37
JeffreyConway,71
JeffreyConway,143
JeffreyConway,50
JeffreyGatewood,102
JeffreyGatewood,83
JeffreyGatewood,170
JeffreyGatewood,106
JeffreyGatewood,81
YenFrye,0
YenFrye,4
YenFrye,68
JohnBeal,61
JohnBeal,138
BarbaraJones,175
NathanJones,199
NathanJones,88
RicardoMccreary,239
RicardoMccreary,207
RicardoMccreary,36
RicardoMccreary,141
MichaelWashington,55
MichaelWashington,17
MichaelWashington,20
JudithBragg,117
TeresaBrown,8
TeresaBrown,103
TeresaBrown,190
TeresaBrown,135
TeresaBrown,241
TerriDay,201
JenniferMckinney,200
FernHauser,220
FernHauser,248
FernHauser,219
FernHauser,49
HollyGonzalez,156
HollyGonzalez,214
HollyGonzalez,18
HollyGonzalez,146
HollyGonzalez,249
TaraKenan,162
TaraKenan,1
JohnRandall,139
KennethAcker,54
KennethAcker,106
KennethAcker,77
KennethAcker,86
KennethAcker,160
HaroldDavis,109
HaroldDavis,185
HaroldDavis,219
HaroldDavis,143
HaroldDavis,168
EricRuder,17
EricRuder,54
EricRuder,26
EricRuder,33
JohnnyAndrews,43
JohnnyAndrews,58
RobertJefferies,200
RobertJefferies,0
JeffreyBerry,99
MarleneClark,122
MarleneClark,149
MarleneClark,34
MarleneClark,65
VernonLiotta,151
VernonLiotta,121
VernonLiotta,190
JenniferSeide,74
DarlenePurcell,139
DarlenePurcell,178
DarlenePurcell,150
DarlenePurcell,72
MarieRamirez,143
MarieRamirez,115
MarieRamirez,69
HenryCamp,164
GloriaBarnett,1
GloriaBarnett,29
GloriaBarnett,168
AmandaEasterling,162
AmandaEasterling,29
AmandaEasterling,193
AmandaEasterling,41
CarlBlack,148
CarlBlack,37
CarlBlack,186
SantosWallace,45
SantosWallace,135
SantosWallace,122
SantosWallace,151
SantosWallace,213
MargeryJohnson,64
MargeryJohnson,242
MargeryJohnson,232
BrianStevens,159
BrianStevens,82
JamesHall,184
CarolSanchez,81
CarolSanchez,19
CarolSanchez,110
CarolSanchez,87
CarolSanchez,98
IvanCraig,67
IvanCraig,127
IvanCraig,46
IvanCraig,191
AlisonBattle,223
JohnDaniel,167
JohnDaniel,224
JohnDaniel,35
JerryYarberry,14
JerryYarberry,82
JerryYarberry,95
JerryYarberry,121
JerryYarberry,89
JoyceSenethavilouk,137
JoyceSenethavilouk,56
JoyceSenethavilouk,162
JoyceSenethavilouk,93
LoriQuach,168
LoriQuach,224
LoriQuach,9
MargaretSkinner,57
MaryHorst,171
FaithKenyon,95
DavidFeenstra,232
DavidFeenstra,157
DavidFeenstra,121
DavidFeenstra,193
MatthewPitts,93
MatthewPitts,6
MatthewPitts,198
MatthewPitts,173
DianaGess,209
DianaGess,152
DianaGess,65
DianaGess,54
RichardJohnson,70
RichardJohnson,30
RichardJohnson,115
GeorginaBarwick,215
GeorginaBarwick,157
GeorginaBarwick,151
GeorginaBarwick,86
RobertSchwerdtfeger,83
RobertSchwerdtfeger,116
JessicaScerbo,16
JessicaScerbo,232
JessicaScerbo,9
JessicaScerbo,7
JessicaScerbo,113
MelvinHarper,34
AnnaPayne,165
AnnaPayne,216
AnnaPayne,214
AnnaPayne,190
CarlMccallum,16
CarlMccallum,177
CarlMccallum,88
CarlMccallum,78
CarlMccallum,32
RobertHaag,1
RobertHaag,242
RobertHaag,37
EdgarFornes,99
EdgarFornes,232
EdgarFornes,101
ChristopherGaron,177
ChristopherGaron,68
ChristopherGaron,199
CarlValdez,9
SunnyRodriguez,56
SunnyRodriguez,109
EthelQuintero,167
EthelQuintero,118
EthelQuintero,150
TrudyStewart,219
TrudyStewart,210
TrudyStewart,162
TrudyStewart,25
MabelMakowski,132
PatriciaWebb,247
AshleeBrown,210
AshleeBrown,223
AshleeBrown,230
StevenLeskovec,227
StevenLeskovec,102
RobertLobue,77
RobertLobue,63
RobertLobue,75
RobertLobue,236
RobertLobue,161
JacksonEdwards,65
JacksonEdwards,94
JacksonEdwards,75
CarlaDiaz,198
CarlaDiaz,182
CarlaDiaz,175
CharlieCarter,215
CharlieCarter,61
CharlieCarter,129
CharlieCarter,43
CharlieCarter,4
DavidHarris,228
DavidHarris,209
DavidHarris,1
EugeneOrozco,215
JohnMay,187
JoshuaCilenti,105
JoshuaCilenti,95
JoshuaCilenti,175
JoshuaCilenti,91
ElaineSosa,178
ElaineSosa,240
ThomasGillilan,16
ThomasGillilan,102
ThomasGillilan,218
ThomasGillilan,234
ElizabethBrown,77
ElizabethBrown,75
ElizabethBrown,103
PatrickVictor,15
PatrickVictor,162
PatrickVictor,166
PatrickVictor,52
PatrickVictor,58
MarionHaygood,149
MarionHaygood,89
MarionHaygood,65
MarionHaygood,67
LindaYandell,149
LindaYandell,174
LindaYandell,47
LindaYandell,125
LindaYandell,7
JamesWest,68
JamesWest,227
JamesWest,164
JamesWest,126
JamesWest,165
LynnPrice,177
LynnPrice,7
LynnPrice,206
LynnPrice,173
JohnArnold,247
JohnArnold,175
KurtHawkins,18
PattyDrake,138
PattyDrake,76
VellaScovil,159
GracielaHope,47
GracielaHope,59
GracielaHope,49
LindaByron,116
LindaByron,28
LindaByron,24
LindaByron,186
LindaByron,196
GaryShotwell,143
GaryShotwell,27
GaryShotwell,33
GaryShotwell,228
GaryShotwell,63
MarySchneider,196
TommyTaylor,148
TrishaWagner,144
TrishaWagner,141
TrishaWagner,126
TrishaWagner,5
RolandArnold,150
RolandArnold,5
RolandArnold,70
JerryStewart,183
WayneGarnett,248
WayneGarnett,142
WayneGarnett,94
LewisBenscoter,189
LewisBenscoter,73
LewisBenscoter,221
SallieDoyle,62
SallieDoyle,121
SallieDoyle,45
SallieDoyle,127
SamuelProchak,121
WilliamNicholson,29
WilliamNicholson,104
WilliamNicholson,16
PabloCarrion,236
DarrylPeterson,201
RicardoBryant,33
RicardoBryant,234
RicardoBryant,218
PatricaAwalt,66
PatricaAwalt,26
PatricaAwalt,217
PatricaAwalt,190
PatricaAwalt,20
EddieRichardson,36
EddieRichardson,243
EddieRichardson,135
JamesChoi,107
JamesChoi,221
JamesChoi,146
JamesChoi,58
AngelLabo,15
AngelLabo,167
AngelLabo,61
AngelLabo,68
EricBrewer,79
EricBrewer,88
EricBrewer,187
AngelToone,200
LoniBarretto,28
LoniBarretto,39
LoniBarretto,195
LoniBarretto,221
AngelWood,236
AshleyAbbott,138
AshleyAbbott,232
AshleyAbbott,56
AshleyAbbott,137
KristenGiroux,52
KristenGiroux,148
KristenGiroux,199
TonyaTreleven,216
TonyaTreleven,127
TonyaTreleven,65
TonyaTreleven,10
TonyaTreleven,174
MargaretGloor,209
MargaretGloor,232
BeatriceAustin,102
BeatriceAustin,200
BeatriceAustin,40
BeatriceAustin,28
JamieTooley,79
JamieTooley,16
JamieTooley,162
LillianJoiner,122
LillianJoiner,3
LillianJoiner,74
GarnetNockels,149
GarnetNockels,192
GarnetNockels,33
CourtneyMajeski,170
CourtneyMajeski,242
CourtneyMajeski,75
CourtneyMajeski,132
CourtneyMajeski,234
JamesRoffe,191
JamesRoffe,204
JamesRoffe,57
DennisHines,54
DennisHines,196
DennisHines,105
DennisHines,197
DennisHines,214
ArleneGill,33
ArleneGill,108
RobertCulver,77
RobertCulver,2
MurielBassford,82
MurielBassford,41
MurielBassford,169
JohnWilliams,77
JohnWilliams,83
JohnWilliams,99
JohnWilliams,51
SharonLay,114
SharonLay,69
SharonLay,173
SharonLay,64
CherylSonoda,68
CherylSonoda,81
CherylSonoda,73
CherylSonoda,52
TimothyVadnais,101
JamesBlackburn,181
JamesBlackburn,106
JamesBlackburn,98
DarrinChampagne,139
SeanMurphy,128
SeanMurphy,133
SeanMurphy,185
MariaLancaster,139
MariaLancaster,235
MariaLancaster,77
MariaLancaster,227
DonaldDewing,65
DonaldDewing,20
DonaldDewing,105
DonaldDewing,163
TrudyWhedbee,49
TrudyWhedbee,172
TrudyWhedbee,115
KeithGunn,142
KeithGunn,138
KeithGunn,129
KeithGunn,84
CarmenFranklin,133
DavidArdis,59
MiguelMick,103
MiguelMick,155
MiguelMick,224
PamelaDaniels,122
PamelaDaniels,133
PamelaDaniels,82
PamelaDaniels,180
TeddyCarmichael,58
KarenSkaggs,154
KarenSkaggs,78
KarenSkaggs,150
KarenSkaggs,28
KarenSkaggs,38
AnnDuncan,144
AnnDuncan,160
AnnDuncan,156
AnnDuncan,96
AnnDuncan,12
KathleenBessel,219
KathleenBessel,20
KathleenBessel,121
KathleenBessel,108
WilliamBurns,244
WilliamBurns,225
WilliamBurns,198
WilliamBurns,240
WilliamBurns,70
DanielWeston,148
DanielWeston,2
KristinDavis,179
KristinDavis,208
KristinDavis,50
KristinDavis,11
KristinDavis,77
LawrenceBryant,112
OliveCromwell,61
AnnMarch,57
NancyHazley,150
NancyHazley,96
NancyHazley,229
ThelmaBlack,227
ThelmaBlack,119
ThelmaBlack,24
ThelmaBlack,169
OrvilleDuda,239
OrvilleDuda,65
ElizabethHicks,128
ElizabethHicks,225
ElizabethHicks,35
ElizabethHicks,220
ElizabethHicks,156
YvonneKline,86
YvonneKline,28
MarionAllendorf,87
MarionAllendorf,107
MarionAllendorf,26
MarionAllendorf,25
JohnathanShearer,91
JohnathanShearer,76
RandyEck,63
RandyEck,19
AlisonNunley,16
AlisonNunley,92
AlisonNunley,41
AlisonNunley,215
RandallFarnsworth,233
KirkCangelosi,224
KirkCangelosi,100
KirkCangelosi,62
JaredLaird,230
BobbyPerez,234
BobbyPerez,166
BobbyPerez,239
BobbyPerez,246
JoannGrignon,52
CiaraHenson,132
CiaraHenson,54
RonaldMaguire,52
GuyBohland,210
GuyBohland,198
GuyBohland,93
WilliamMarkum,45
WilliamMarkum,73
WilliamMarkum,198
EttaCollins,203
GeorgiaHart,73
GeorgiaHart,51
GeorgiaHart,176
EllsworthMarion,88
EllsworthMarion,24
EllsworthMarion,225
EllsworthMarion,109
DianeGarcia,249
DianeGarcia,240
DianeGarcia,65
DianeGarcia,1
JoyceBrantley,173
AhmadPruitt,183
AhmadPruitt,187
AhmadPruitt,160
AhmadPruitt,130
AhmadPruitt,107
GeorgeLongmore,74
GeorgeLongmore,202
GeorgeLongmore,228
CarolinaEdwards,200
CarolinaEdwards,154
CarolinaEdwards,170
LisaFlores,160
ElbaGrubb,124
ElbaGrubb,158
ElbaGrubb,143
ElbaGrubb,180
KennethCrumley,2
KennethCrumley,120
DavidFlores,83
DavidFlores,23
DavidFlores,99
DavidFlores,204
BobbieSwenson,237
RogerParker,92
RogerParker,122
RogerParker,110
RogerParker,84
KathleenKalberer,16
KathleenKalberer,179
KathleenKalberer,58
KathleenKalberer,12
StevenVega,72
StevenVega,10
JerryDiamond,30
WileyTorres,59
WileyTorres,0
WileyTorres,172
WileyTorres,155
HollyHazelhurst,115
HollyHazelhurst,112
HollyHazelhurst,116
HollyHazelhurst,64
HollyHazelhurst,146
HenryOlmstead,136
HenryOlmstead,147
HenryOlmstead,53
HenryOlmstead,157
HenryOlmstead,153
JamesWard,125
JamesWard,52
JamesWard,148
AshleyPoyer,2
AshleyPoyer,48
StephanieSchwartz,190
AngelaCoyle,243
AngelaCoyle,233
AngelaCoyle,210
AngelaCoyle,72
StevenCummins,166
StevenCummins,249
StevenCummins,178
KatieBrody,175
KatieBrody,7
KatieBrody,35
KatieBrody,0
KatieBrody,75
VickiBarber,11
VickiBarber,182
JaniceSpurling,195
JaniceSpurling,87
JaniceSpurling,193
JaniceSpurling,241
JaniceSpurling,161
RitaCloud,162
BenjaminMusselwhite,0
BenjaminMusselwhite,170
JosephCastillo,180
JosephCastillo,105
JosephCastillo,82
JosephCastillo,98
JosephCastillo,189
FernandoCortez,238
FernandoCortez,175
FernandoCortez,69
FernandoCortez,191
FernandoCortez,62
DavidShoemaker,150
DavidShoemaker,12
DavidShoemaker,146
DavidShoemaker,199
JohnMaia,8
JamesTodd,229
SamuelMetcalfe,87
SamuelMetcalfe,107
SamuelMetcalfe,36
SamuelMetcalfe,110
EarlHooker,90
EarlHooker,161
JackPinedo,31
JackPinedo,88
JackPinedo,222
JackPinedo,167
DaleMandel,233
DaleMandel,201
DaleMandel,122
DaleMandel,205
JamelTauber,238
DonaldMurray,178
DonaldMurray,103
VickiHerman,190
NancySmith,79
NancySmith,83
NancySmith,210
NancySmith,203
MarkBennett,170
MarkBennett,81
JonShelton,168
JonShelton,232
JonShelton,165
EddieSchug,64
JonellCline,143
JonellCline,19
JonellCline,2
StephenYoung,243
MarkLapuerta,92
JasonRichards,219
JasonRichards,32
JasonRichards,57
KatherineHair,27
KatherineHair,214
KatherineHair,157
KatrinaZollars,207
KatrinaZollars,164
KatrinaZollars,168
BrookeSuggs,100
BrookeSuggs,40
BrookeSuggs,109
JulioMinor,220
EulahMartin,210
EulahMartin,245
EulahMartin,208
EulahMartin,113
EulahMartin,179
CathleenClark,203
CathleenClark,28
CathleenClark,220
AnnaPerry2,206
AnnaPerry2,163
LoriReding,201
LoriReding,17
DennisMonroe,183
DennisMonroe,199
DennisMonroe,228
DennisMonroe,19
PatriciaHarper,10
PatriciaHarper,160
PatriciaHarper,27
GailBeatty,7
BarbaraLiggins,161
BarbaraLiggins,119
BarbaraLiggins,120
BarbaraLiggins,211
BarbaraLiggins,153
KennethWheeles,195
KennethWheeles,52
KennethWheeles,4
KennethWheeles,55
EddieHarmon,58
EddieHarmon,149
EddieHarmon,73
EddieHarmon,194
LisaArmentrout,74
LisaArmentrout,199
LisaArmentrout,248
LisaArmentrout,228
SamuelRuiz,75
SamuelRuiz,48
SamuelRuiz,236
SamuelRuiz,90
SamuelRuiz,88
ErinRodriguez,65
ErinRodriguez,180
ErinRodriguez,150
ErinRodriguez,5
DanielWilliams,118
DanielWilliams,55
DanielWilliams,46
DanielWilliams,21
DanielWilliams,9
MarianaHagadone,190
MarianaHagadone,121
MarianaHagadone,139
MarianaHagadone,168
MarianaHagadone,237
JulieKing,179
HildaOliver,102
HildaOliver,215
HildaOliver,101
VickyRoot,99
VickyRoot,46
BernardinaArnold,41
BernardinaArnold,22
LinaRife,97
LinaRife,26
ClarenceHuynh,229
MatthewLister,232
MatthewLister,231
MatthewLister,22
MatthewLister,175
JuanitaMansfield,35
JuanitaMansfield,19
JuanitaMansfield,66
MyronLandis,233
MyronLandis,3
MyronLandis,126
MyronLandis,60
MyronLandis,26
LucilleDunlap,93
LucilleDunlap,67
LucilleDunlap,237
LucilleDunlap,107
AlbertLodge,88
AlbertLodge,209
AlbertLodge,17
MaryCarrasco,31
MaryCarrasco,233
MaryCarrasco,175
AdelaGowans,109
AdelaGowans,164
AdelaGowans,205
JenniferCotton,136
JenniferCotton,114
JenniferCotton,242
JenniferCotton,96
JenniferCotton,190
JohnnyWingo,156
JohnnyWingo,62
PatrickCameron,189
PatrickCameron,43
PatrickCameron,89
PatrickCameron,145
MaggieBrooks,100
MaggieBrooks,11
MaggieBrooks,218
MaggieBrooks,230
MarkOtto,171
ErinDixon,23
ErinDixon,69
ErinDixon,232
ErinDixon,158
ErinDixon,96
RichardFrye,95
RichardFrye,160
RichardFrye,62
RichardFrye,201
RichardFrye,180
MarianneGoede,237
ViolaCurrin,36
ViolaCurrin,176
VeronicaPowell,58
VeronicaPowell,225
VeronicaPowell,129
VeronicaPowell,143
MaryCarpenter,22
MaryCarpenter,50
MaryCarpenter,169
MaryCarpenter,70
MaryCarpenter,133
RobertCaldwell,9
RobertCaldwell,4
RobertCaldwell,56
RobertCaldwell,188
JohnClines,20
JohnClines,77
JohnClines,183
CarmenLawson,150
CarmenLawson,60
CarmenLawson,225
ChristopherMacpherson,29
ChristopherMacpherson,188
GlenEsters,69
GlenEsters,106
GlenEsters,6
GlenEsters,225
GlenEsters,3
KevinHarwell,169
KevinHarwell,157
KevinHarwell,46
JimVazquez,193
JimVazquez,169
JimVazquez,191
BruceShockey,249
FelipeJohnson,77
FelipeJohnson,112
FelipeJohnson,55
FelipeJohnson,209
FelipeJohnson,126
DouglasRodriguez,121
DouglasRodriguez,40
DouglasRodriguez,39
DouglasRodriguez,241
RebeccaRamirez,137
RebeccaRamirez,150
RebeccaRamirez,181
RebeccaRamirez,169
RollandDansie,224
RollandDansie,59
RollandDansie,222
RollandDansie,141
RollandDansie,208
SaraPugh,162
SaraPugh,83
SaraPugh,173
SaraPugh,120
WillieBielecki,71
WillieBielecki,203
WillieBielecki,129
PollyZimmerman,173
PollyZimmerman,206
PollyZimmerman,221
PollyZimmerman,181
CecilDipietro,186
CecilDipietro,169
CecilDipietro,116
CecilDipietro,87
CecilDipietro,46
AndrewMonarrez,181
AndrewMonarrez,131
NakiaWilkinson,46
NakiaWilkinson,120
NakiaWilkinson,181
NakiaWilkinson,111
NakiaWilkinson,91
IrmaClark,53
IrmaClark,246
IrmaClark,60
JeanPerez,223
JeanPerez,58
VickieClay,116
VickieClay,203
VickieClay,16
VickieClay,29
VickieClay,94
AnnieMclean,235
WandaBrink,139
WandaBrink,9
WandaBrink,240
CynthiaPowell,17
CynthiaPowell,88
RoseannHolt,244
RoseannHolt,210
RuthLavallee,113
RuthLavallee,228
RuthLavallee,188
RuthLavallee,119
RuthLavallee,105
DebbieGrant,135
DebbieGrant,133
DebbieGrant,230
DebbieGrant,227
ElizabethYoon,82
ElizabethYoon,26
ElizabethYoon,216
ElizabethYoon,130
GeorgeOpie,24
GeorgeOpie,12
GeorgeOpie,208
GeorgeOpie,201
GeorgeOpie,205
LindaEllis,211
RodrigoCichy,195
AngeloLeaks,34
AngeloLeaks,157
AngeloLeaks,243
AngeloLeaks,195
AngeloLeaks,37
RobertFielden,180
RobertFielden,197
RobertFielden,47
RobertFielden,220
ThomasJost,36
JoyceWebber,228
JoyceWebber,197
JoyceWebber,51
JoyceWebber,37
JoyceWebber,240
RyanKelly,3
RyanKelly,201
RyanKelly,238
RyanKelly,21
ElaineDossey,228
ElaineDossey,111
DeborahMarshall,36
DeborahMarshall,26
DeborahMarshall,193
DeborahMarshall,91
DeborahMarshall,204
ZelmaTracy,236
ZelmaTracy,227
GeraldMoore,211
GeraldMoore,131
GeraldMoore,28
LindaRivera,2
AngelaNguyen,183
AngelaNguyen,171
AngelaNguyen,174
AngelaNguyen,130
ElizabethAdams,191
ElizabethAdams,36
ElizabethAdams,76
ElizabethAdams,163
ElizabethAdams,24
VernonJensen,240
VernonJensen,42
RuthMoulton,72
RuthMoulton,93
RuthMoulton,243
RuthMoulton,35
RuthMoulton,211
RalphWeiss,237
RalphWeiss,128
PatriciaAckies,67
PatriciaAckies,121
PatriciaAckies,118
PatriciaAckies,139
GarrettDobbins,112
JenniferHendrickson,51
JenniferHendrickson,214
JenniferHendrickson,124
JenniferHendrickson,164
NoelPhipps,71
NoelPhipps,7
NoelPhipps,232
WarrenTrinidad,239
WarrenTrinidad,189
WarrenTrinidad,173
AlbertGarcia,203
BrianMckinney,0
BrianMckinney,75
NolanJackson,25
NolanJackson,164
NolanJackson,140
NolanJackson,162
KathrynWard,193
KathrynWard,156
KathrynWard,215
KathrynWard,247
DianneReeves,177
DianneReeves,60
DianneReeves,109
AdrianRodriguez,231
MichaelClark,43
JeffreyReis,39
JeffreyReis,187
JeffreyReis,7
JeffreyReis,134
GladysDonovan,93
GladysDonovan,182
GladysDonovan,37
GladysDonovan,52
GladysDonovan,223
LanceMoran,72
LanceMoran,11
LanceMoran,131
KarlaJoyce,64
KarlaJoyce,35
KarlaJoyce,247
KarlaJoyce,153
KarlaJoyce,189
JonathanRinaldi,177
JonathanRinaldi,8
JonathanRinaldi,83
StephanieLoman,134
StephanieLoman,203
StephanieLoman,211
StephanieLoman,166
HoseaAnderson,185
HoseaAnderson,215
HoseaAnderson,237
PeggyCournoyer,60
PeggyCournoyer,94
PeggyCournoyer,149
PeggyCournoyer,243
PeggyCournoyer,28
WillieMccloud,222
WillieMccloud,225
RonaldMiddleton,181
RonaldMiddleton,58
JohnnyReny,125
JohnnyReny,2
JohnnyReny,233
ElizabethGargus,189
MathewTurner,56
DaleWhite,95
DaleWhite,207
DaleWhite,216
JamesCollins,68
AngelaTeodoro,12
AngelaTeodoro,242
AngelaTeodoro,41
LorenaSpencer,12
LorenaSpencer,24
LorenaSpencer,77
SharonHarrington,43
SharonHarrington,152
SharonHarrington,6
SharonHarrington,125
SharonHarrington,189
RhondaPagan,127
VirgilGlover,23
VirgilGlover,242
VirgilGlover,35
BerthaGellert,103
BerthaGellert,227
BerthaGellert,46
WilliamSteik,115
JeffreyLanehart,234
LindsayCox,184
LindsayCox,186
KarlWilliams,120
AlexandriaGarcia,100
AlexandriaGarcia,61
JuanPousson,48
JuanPousson,148
JuanPousson,191
JuanPousson,173
CynthiaFaulkner,208
CynthiaFaulkner,170
CynthiaFaulkner,150
CynthiaFaulkner,240
CynthiaFaulkner,109
KennethBureau,156
KennethBureau,3
KennethBureau,101
KennethBureau,154
KennethBureau,248
KathlineOrdonez,221
GloriaDominguez,130
GloriaDominguez,9
GloriaDominguez,166
GloriaDominguez,234
GloriaDominguez,106
JamesHilliard,152
JamesHilliard,225
SaraSanchez,199
LeviBurt,83
LeviBurt,21
LeviBurt,201
LeviBurt,179
JohnLawlor,162
JohnLawlor,214
KathleenBell,4
KathleenBell,212
HarlanNazario,177
HarlanNazario,156
RoseWheeler,38
RoseWheeler,179
RoseWheeler,80
RoseWheeler,178
JeffJohnson,198
JeffJohnson,214
AmericaRogers,11
AmericaRogers,182
AmericaRogers,133
AmericaRogers,15
AnnRodriguez,46
AnnRodriguez,15
AngelRogers,81
AnitaCarver,105
AnitaCarver,7
AnitaCarver,190
AnitaCarver,177
AnitaCarver,144
DonaldLittle,168
DonaldLittle,122
NellieSpence,193
TyishaSpiva,83
TyishaSpiva,18
KarlaCanada,225
KarlaCanada,86
DorothyLeggette,12
TommyCaligiuri,41
TommyCaligiuri,140
TommyCaligiuri,139
TommyCaligiuri,104
TommyCaligiuri,142
LauraStultz,222
LauraStultz,134
LauraStultz,197
LauraStultz,196
JesusFields,163
JesusFields,14
KennethKumm,188
DonShowalter,51
DonShowalter,210
DonShowalter,236
DonShowalter,61
